<?xml version="1.0" encoding="UTF-8"?>
<project-private xmlns="http://www.netbeans.org/ns/project-private/1">
    <editor-bookmarks xmlns="http://www.netbeans.org/ns/editor-bookmarks/2" lastBookmarkId="0"/>
    <open-files xmlns="http://www.netbeans.org/ns/projectui-open-files/2">
        <group>
            <file>file:/D:/Documents/NetBeansProjects/2d-maze-game/src/com/maze/game/MazeGame.java</file>
            <file>file:/D:/Documents/NetBeansProjects/2d-maze-game/src/com/maze/game/TopBar.java</file>
            <file>file:/D:/Documents/NetBeansProjects/2d-maze-game/src/com/maze/game/LevelManager.java</file>
            <file>file:/D:/Documents/NetBeansProjects/2d-maze-game/src/com/maze/staticobjects/StaticObject.java</file>
            <file>file:/D:/Documents/NetBeansProjects/2d-maze-game/src/com/maze/game/Level.java</file>
            <file>file:/D:/Documents/NetBeansProjects/2d-maze-game/src/com/maze/movableobjects/Player.java</file>
            <file>file:/D:/Documents/NetBeansProjects/2d-maze-game/src/com/maze/movableobjects/MovableObject.java</file>
        </group>
    </open-files>
</project-private>
