{
    "settings": {
        "ground": "G",
        "spawn": {
            "x": 0,
            "y": 12
        }
    },
    "obstacles": [
        [ "F", "*", "*", "*", "*", "W", "*", "*", "*", "*", "*", "*", "*", "*", "*", "*", "*" ],
        [ "*", "W", "W", "W", "W", "W", "*", "W", "W", "W", "W", "W", "*", "W", "W", "W", "W" ],
        [ "*", "W", "*", "*", "*", "*", "*", "*", "*", "W", "*", "*", "*", "W", "*", "*", "*" ],
        [ "*", "W", "*", "W", "W", "W", "W", "W", "W", "W", "*", "W", "*", "W", "*", "W", "*" ],
        [ "*", "W", "*", "W", "*", "*", "*", "*", "*", "*", "*", "W", "*", "W", "*", "W", "*" ],
        [ "*", "W", "*", "W", "*", "W", "W", "W", "W", "W", "*", "W", "*", "W", "*", "W", "*" ],
        [ "C", "W", "*", "W", "*", "B", "*", "*", "*", "*", "*", "W", "*", "W", "*", "W", "*" ],
        [ "*", "W", "*", "W", "W", "W", "W", "W", "W", "W", "*", "W", "*", "W", "W", "W", "*" ],
        [ "*", "W", "*", "W", "*", "*", "*", "*", "*", "W", "*", "*", "*", "W", "H", "W", "*" ],
        [ "*", "W", "*", "W", "*", "W", "W", "W", "*", "W", "*", "W", "*", "W", "*", "W", "*" ],
        [ "*", "*", "*", "W", "*", "*", "*", "*", "*", "W", "*", "W", "*", "*", "*", "W", "*" ],
        [ "W", "W", "W", "W", "*", "W", "W", "W", "*", "W", "*", "W", "W", "W", "W", "W", "*" ],
        [ "*", "*", "*", "*", "*", "*", "*", "*", "*", "*", "*", "*", "*", "*", "*", "*", "*" ]
    ]
}