{
	"settings": {
		"ground": "G",
		"spawn": {
			"x": 0,
			"y": 0
		}
	},
	"obstacles": [
		[ "*", "*", "*", "*", "*", "*", "*", "*", "*", "*", "*", "*", "*", "*", "*" ],
		[ "*", "W", "W", "W", "W", "W", "W", "W", "*", "W", "W", "W", "W", "W", "*" ],
                [ "*", "*", "*", "*", "H", "W", "*", "*", "*", "W", "*", "*", "*", "*", "*" ],
                [ "W", "W", "*", "W", "W", "W", "*", "W", "W", "W", "*", "W", "W", "W", "W" ],
                [ "*", "*", "*", "W", "*", "*", "*", "W", "*", "W", "*", "*", "*", "*", "*" ],
                [ "*", "W", "W", "W", "*", "B", "*", "W", "*", "W", "W", "W", "W", "W", "F" ],
                [ "*", "W", "*", "*", "*", "*", "*", "W", "*", "*", "*", "*", "*", "*", "*" ],
                [ "*", "W", "*", "W", "W", "W", "W", "W", "W", "W", "W", "W", "W", "W", "W" ],
                [ "*", "*", "*", "W", "*", "*", "*", "*", "*", "*", "*", "*", "*", "*", "*" ]
	]
}